lc2search.exe.zip,https://github.com/David-Honisch/LC2Search/blob/master/releases/lc2search-win32-ia32/lc2search.exe.zip?raw=true
lc2search.lib.zip,https://github.com/David-Honisch/LC2Search/blob/master/releases/lc2search-win32-ia32/lc2search.lib.zip?raw=true
content_shell.pak.zip,https://github.com/David-Honisch/LC2Search/blob/master/releases/lc2search-win32-ia32/content_shell.pak.zip?raw=true
d3dcompiler_47.dll.zip,https://github.com/David-Honisch/LC2Search/blob/master/releases/lc2search-win32-ia32/d3dcompiler_47.dll.zip?raw=true
icudtl.dat.zip,https://github.com/David-Honisch/LC2Search/blob/master/releases/lc2search-win32-ia32/icudtl.dat.zip?raw=true
libGLESv2.dll.zip,https://github.com/David-Honisch/LC2Search/blob/master/releases/lc2search-win32-ia32/libGLESv2.dll.zip?raw=true
node.dll.zip,https://github.com/David-Honisch/LC2Search/blob/master/releases/lc2search-win32-ia32/node.dll.zip?raw=true
electron.app.zip,https://github.com/David-Honisch/LC2Search/blob/master/releases/lc2search-win32-ia32/electron.app.zip?raw=true
resources.zip,https://github.com/David-Honisch/LC2Search/blob/master/releases/lc2search-win32-ia32/resources.zip?raw=true
